danceability,energy,key,loudness,mode,speechiness,acousticness,instrumentalness,liveness,valence,tempo,type,id,uri,track_href,analysis_url,duration_ms,time_signature
0.799,0.701,2,-3.272,1,0.282,0.309,7.36e-05,0.0514,0.607,100.946,audio_features,0dKg2vGC1hFqcK5LGTaKzX,spotify:track:0dKg2vGC1hFqcK5LGTaKzX,https://api.spotify.com/v1/tracks/0dKg2vGC1hFqcK5LGTaKzX,https://api.spotify.com/v1/audio-analysis/0dKg2vGC1hFqcK5LGTaKzX,201920,4
0.701,0.896,0,-6.459,1,0.0814,0.0866,0.0,0.0572,0.896,130.067,audio_features,4sCSUQnWQ6HJsOMjfPicdn,spotify:track:4sCSUQnWQ6HJsOMjfPicdn,https://api.spotify.com/v1/tracks/4sCSUQnWQ6HJsOMjfPicdn,https://api.spotify.com/v1/audio-analysis/4sCSUQnWQ6HJsOMjfPicdn,198387,4
0.548,0.704,11,-4.838,0,0.0777,0.0168,2.25e-05,0.143,0.288,104.666,audio_features,7COfe3P7KgfwDwIRB8LIDw,spotify:track:7COfe3P7KgfwDwIRB8LIDw,https://api.spotify.com/v1/tracks/7COfe3P7KgfwDwIRB8LIDw,https://api.spotify.com/v1/audio-analysis/7COfe3P7KgfwDwIRB8LIDw,185040,4
0.655,0.797,2,-4.787,1,0.153,0.198,0.0,0.067,0.839,177.928,audio_features,6habFhsOp2NvshLv26DqMb,spotify:track:6habFhsOp2NvshLv26DqMb,https://api.spotify.com/v1/tracks/6habFhsOp2NvshLv26DqMb,https://api.spotify.com/v1/audio-analysis/6habFhsOp2NvshLv26DqMb,229360,4
0.606,0.853,9,-2.975,1,0.0545,0.237,0.0,0.251,0.822,178.043,audio_features,0jT8Nl0shPS8115is0wD2Q,spotify:track:0jT8Nl0shPS8115is0wD2Q,https://api.spotify.com/v1/tracks/0jT8Nl0shPS8115is0wD2Q,https://api.spotify.com/v1/audio-analysis/0jT8Nl0shPS8115is0wD2Q,209766,4
0.826,0.764,11,-4.341,0,0.0522,0.337,0.0,0.161,0.761,126.9,audio_features,4U0JLGFHJpEnDS5w8F7ngE,spotify:track:4U0JLGFHJpEnDS5w8F7ngE,https://api.spotify.com/v1/tracks/4U0JLGFHJpEnDS5w8F7ngE,https://api.spotify.com/v1/audio-analysis/4U0JLGFHJpEnDS5w8F7ngE,237627,4
0.852,0.773,8,-2.921,0,0.0776,0.187,3.05e-05,0.159,0.907,102.034,audio_features,6mICuAdrwEjh6Y6lroV2Kg,spotify:track:6mICuAdrwEjh6Y6lroV2Kg,https://api.spotify.com/v1/tracks/6mICuAdrwEjh6Y6lroV2Kg,https://api.spotify.com/v1/audio-analysis/6mICuAdrwEjh6Y6lroV2Kg,195840,4
0.714,0.85,0,-7.864,1,0.0541,0.228,0.0,0.108,0.855,102.009,audio_features,2in1gSZtv2lRbcZUmN9aAl,spotify:track:2in1gSZtv2lRbcZUmN9aAl,https://api.spotify.com/v1/tracks/2in1gSZtv2lRbcZUmN9aAl,https://api.spotify.com/v1/audio-analysis/2in1gSZtv2lRbcZUmN9aAl,228680,4
0.622,0.117,2,-10.055,1,0.0382,0.969,0.0,0.0871,0.315,120.984,audio_features,4brw4anhV4og38Rv6o1dBa,spotify:track:4brw4anhV4og38Rv6o1dBa,https://api.spotify.com/v1/tracks/4brw4anhV4og38Rv6o1dBa,https://api.spotify.com/v1/audio-analysis/4brw4anhV4og38Rv6o1dBa,242447,4
0.852,0.797,0,-6.543,1,0.0614,0.322,2.69e-06,0.0845,0.741,96.008,audio_features,228BxWXUYQPJrJYHDLOHkj,spotify:track:228BxWXUYQPJrJYHDLOHkj,https://api.spotify.com/v1/tracks/228BxWXUYQPJrJYHDLOHkj,https://api.spotify.com/v1/audio-analysis/228BxWXUYQPJrJYHDLOHkj,192600,4
0.718,0.792,7,-3.519,1,0.105,0.0467,3.65e-06,0.0399,0.96,90.949,audio_features,5M830cD7MNeiiwIGHzH9TV,spotify:track:5M830cD7MNeiiwIGHzH9TV,https://api.spotify.com/v1/tracks/5M830cD7MNeiiwIGHzH9TV,https://api.spotify.com/v1/audio-analysis/5M830cD7MNeiiwIGHzH9TV,243387,4
0.737,0.86,8,-2.652,0,0.0593,0.11,1.94e-06,0.0574,0.656,93.989,audio_features,5w9c2J52mkdntKOmRLeM2m,spotify:track:5w9c2J52mkdntKOmRLeM2m,https://api.spotify.com/v1/tracks/5w9c2J52mkdntKOmRLeM2m,https://api.spotify.com/v1/audio-analysis/5w9c2J52mkdntKOmRLeM2m,193227,4
0.823,0.544,5,-7.132,1,0.0715,0.0215,0.00315,0.0966,0.664,149.903,audio_features,079Ey5uxL04AKPQgVQwx5h,spotify:track:079Ey5uxL04AKPQgVQwx5h,https://api.spotify.com/v1/tracks/079Ey5uxL04AKPQgVQwx5h,https://api.spotify.com/v1/audio-analysis/079Ey5uxL04AKPQgVQwx5h,186088,4
0.657,0.763,0,-6.316,1,0.0583,0.323,0.0,0.405,0.95,170.155,audio_features,5M6bJO7Cfl4lnPoAHG0EdD,spotify:track:5M6bJO7Cfl4lnPoAHG0EdD,https://api.spotify.com/v1/tracks/5M6bJO7Cfl4lnPoAHG0EdD,https://api.spotify.com/v1/audio-analysis/5M6bJO7Cfl4lnPoAHG0EdD,220941,4
0.656,0.877,0,-3.231,0,0.0342,0.345,0.0,0.349,0.894,105.018,audio_features,3QHMxEOAGD51PDlbFPHLyJ,spotify:track:3QHMxEOAGD51PDlbFPHLyJ,https://api.spotify.com/v1/tracks/3QHMxEOAGD51PDlbFPHLyJ,https://api.spotify.com/v1/audio-analysis/3QHMxEOAGD51PDlbFPHLyJ,252347,4
0.645,0.821,11,-3.679,1,0.213,0.0492,0.0,0.193,0.844,179.968,audio_features,2DAULesb1U4Qz4FSTZpEUJ,spotify:track:2DAULesb1U4Qz4FSTZpEUJ,https://api.spotify.com/v1/tracks/2DAULesb1U4Qz4FSTZpEUJ,https://api.spotify.com/v1/audio-analysis/2DAULesb1U4Qz4FSTZpEUJ,250837,4
0.727,0.838,9,-2.435,1,0.0472,0.297,0.0,0.0603,0.933,145.995,audio_features,1Ol5LmdNDNpFu1oNwfgkux,spotify:track:1Ol5LmdNDNpFu1oNwfgkux,https://api.spotify.com/v1/tracks/1Ol5LmdNDNpFu1oNwfgkux,https://api.spotify.com/v1/audio-analysis/1Ol5LmdNDNpFu1oNwfgkux,179339,4
0.816,0.538,6,-6.354,0,0.0617,0.0142,0.000496,0.099,0.156,97.054,audio_features,3gE4eQH3K83Sght0ZLvuBK,spotify:track:3gE4eQH3K83Sght0ZLvuBK,https://api.spotify.com/v1/tracks/3gE4eQH3K83Sght0ZLvuBK,https://api.spotify.com/v1/audio-analysis/3gE4eQH3K83Sght0ZLvuBK,210368,4
0.723,0.621,4,-7.15,1,0.0516,0.0753,7.22e-06,0.0658,0.905,162.049,audio_features,1bEUbYqvnJXvrEaKLYMLXU,spotify:track:1bEUbYqvnJXvrEaKLYMLXU,https://api.spotify.com/v1/tracks/1bEUbYqvnJXvrEaKLYMLXU,https://api.spotify.com/v1/audio-analysis/1bEUbYqvnJXvrEaKLYMLXU,209300,4
0.631,0.751,8,-6.457,1,0.0284,0.449,0.0,0.286,0.685,143.924,audio_features,79mdw3IznNCFsF7R9O2KGz,spotify:track:79mdw3IznNCFsF7R9O2KGz,https://api.spotify.com/v1/tracks/79mdw3IznNCFsF7R9O2KGz,https://api.spotify.com/v1/audio-analysis/79mdw3IznNCFsF7R9O2KGz,284467,4
0.859,0.505,7,-8.766,1,0.0397,0.798,0.0671,0.27,0.796,133.988,audio_features,1INtYY3PE2RP7NrhHOsBaz,spotify:track:1INtYY3PE2RP7NrhHOsBaz,https://api.spotify.com/v1/tracks/1INtYY3PE2RP7NrhHOsBaz,https://api.spotify.com/v1/audio-analysis/1INtYY3PE2RP7NrhHOsBaz,193627,4
0.506,0.764,0,-12.239,1,0.046,0.144,0.00025,0.247,0.868,156.336,audio_features,0uMMLry3hzWGn3q3loqMkm,spotify:track:0uMMLry3hzWGn3q3loqMkm,https://api.spotify.com/v1/tracks/0uMMLry3hzWGn3q3loqMkm,https://api.spotify.com/v1/audio-analysis/0uMMLry3hzWGn3q3loqMkm,174187,4
0.696,0.758,4,-6.076,1,0.0264,0.17,3.33e-05,0.189,0.859,129.943,audio_features,3b1IQflSLrgzYQPGFzI9cl,spotify:track:3b1IQflSLrgzYQPGFzI9cl,https://api.spotify.com/v1/tracks/3b1IQflSLrgzYQPGFzI9cl,https://api.spotify.com/v1/audio-analysis/3b1IQflSLrgzYQPGFzI9cl,250693,4
0.811,0.588,1,-3.161,1,0.0464,0.128,0.0004,0.0929,0.553,107.022,audio_features,2qEoAz0i6yEz5dPggABcLH,spotify:track:2qEoAz0i6yEz5dPggABcLH,https://api.spotify.com/v1/tracks/2qEoAz0i6yEz5dPggABcLH,https://api.spotify.com/v1/audio-analysis/2qEoAz0i6yEz5dPggABcLH,226187,4
0.808,0.497,6,-4.008,1,0.0453,0.18,0.0,0.0642,0.962,87.987,audio_features,4nTduFjaTmGysc9WKNuCcs,spotify:track:4nTduFjaTmGysc9WKNuCcs,https://api.spotify.com/v1/tracks/4nTduFjaTmGysc9WKNuCcs,https://api.spotify.com/v1/audio-analysis/4nTduFjaTmGysc9WKNuCcs,184722,4
0.69,0.902,6,-4.269,0,0.0407,0.112,0.0,0.175,0.786,92.988,audio_features,7lOzUJzsELALh5FQsPKTEn,spotify:track:7lOzUJzsELALh5FQsPKTEn,https://api.spotify.com/v1/tracks/7lOzUJzsELALh5FQsPKTEn,https://api.spotify.com/v1/audio-analysis/7lOzUJzsELALh5FQsPKTEn,225987,4
0.788,0.745,11,-4.417,0,0.0448,0.352,4.56e-05,0.0973,0.79,94.002,audio_features,62vDrkBEyJYEOFj1ScBqM7,spotify:track:62vDrkBEyJYEOFj1ScBqM7,https://api.spotify.com/v1/tracks/62vDrkBEyJYEOFj1ScBqM7,https://api.spotify.com/v1/audio-analysis/62vDrkBEyJYEOFj1ScBqM7,190160,4
0.746,0.876,1,-6.042,1,0.0345,0.0438,2.51e-06,0.112,0.928,119.97,audio_features,7jxHeJLVpnP7S08JFF4GBi,spotify:track:7jxHeJLVpnP7S08JFF4GBi,https://api.spotify.com/v1/tracks/7jxHeJLVpnP7S08JFF4GBi,https://api.spotify.com/v1/audio-analysis/7jxHeJLVpnP7S08JFF4GBi,267827,4
0.856,0.618,7,-4.892,1,0.286,0.0303,0.0,0.0866,0.391,81.993,audio_features,2XIc1pqjXV3Cr2BQUGNBck,spotify:track:2XIc1pqjXV3Cr2BQUGNBck,https://api.spotify.com/v1/tracks/2XIc1pqjXV3Cr2BQUGNBck,https://api.spotify.com/v1/audio-analysis/2XIc1pqjXV3Cr2BQUGNBck,203201,4
0.663,0.92,11,-4.07,0,0.226,0.00431,1.69e-05,0.101,0.533,99.935,audio_features,7DM4BPaS7uofFul3ywMe46,spotify:track:7DM4BPaS7uofFul3ywMe46,https://api.spotify.com/v1/tracks/7DM4BPaS7uofFul3ywMe46,https://api.spotify.com/v1/audio-analysis/7DM4BPaS7uofFul3ywMe46,259196,4
0.652,0.91,7,-2.675,1,0.163,0.168,0.0,0.107,0.481,195.95,audio_features,57AHAfiyk3gR8OBRf3s03U,spotify:track:57AHAfiyk3gR8OBRf3s03U,https://api.spotify.com/v1/tracks/57AHAfiyk3gR8OBRf3s03U,https://api.spotify.com/v1/audio-analysis/57AHAfiyk3gR8OBRf3s03U,243043,4
0.927,0.721,8,-12.561,1,0.0908,0.422,4.36e-05,0.0422,0.965,103.018,audio_features,4oaj36KzXRgDg4McgcTsZK,spotify:track:4oaj36KzXRgDg4McgcTsZK,https://api.spotify.com/v1/tracks/4oaj36KzXRgDg4McgcTsZK,https://api.spotify.com/v1/audio-analysis/4oaj36KzXRgDg4McgcTsZK,249382,4
0.621,0.675,0,-5.941,1,0.0305,0.295,0.0,0.174,0.747,125.122,audio_features,0UoAcG1vxtFjes7rZz8Js0,spotify:track:0UoAcG1vxtFjes7rZz8Js0,https://api.spotify.com/v1/tracks/0UoAcG1vxtFjes7rZz8Js0,https://api.spotify.com/v1/audio-analysis/0UoAcG1vxtFjes7rZz8Js0,250920,4
0.715,0.611,4,-5.094,0,0.0519,0.176,0.0,0.0949,0.776,79.971,audio_features,655JkvIwu2rDCaD1hPf04g,spotify:track:655JkvIwu2rDCaD1hPf04g,https://api.spotify.com/v1/tracks/655JkvIwu2rDCaD1hPf04g,https://api.spotify.com/v1/audio-analysis/655JkvIwu2rDCaD1hPf04g,195333,4
0.588,0.812,5,-4.172,1,0.0429,0.0171,0.0,0.111,0.512,97.98,audio_features,6Al0Kpd4VrRZ0Z4kTThNPa,spotify:track:6Al0Kpd4VrRZ0Z4kTThNPa,https://api.spotify.com/v1/tracks/6Al0Kpd4VrRZ0Z4kTThNPa,https://api.spotify.com/v1/audio-analysis/6Al0Kpd4VrRZ0Z4kTThNPa,222213,4
0.673,0.841,7,-3.564,1,0.0557,0.0683,0.0,0.0965,0.94,97.027,audio_features,129lYDVKnWtlJc2PZJviuA,spotify:track:129lYDVKnWtlJc2PZJviuA,https://api.spotify.com/v1/tracks/129lYDVKnWtlJc2PZJviuA,https://api.spotify.com/v1/audio-analysis/129lYDVKnWtlJc2PZJviuA,205373,4
0.87,0.516,1,-8.006,1,0.0541,0.656,0.00823,0.11,0.53,111.005,audio_features,7dSZ6zGTQx66c2GF91xCrb,spotify:track:7dSZ6zGTQx66c2GF91xCrb,https://api.spotify.com/v1/tracks/7dSZ6zGTQx66c2GF91xCrb,https://api.spotify.com/v1/audio-analysis/7dSZ6zGTQx66c2GF91xCrb,210200,4
0.762,0.766,7,-3.955,1,0.0343,0.00776,6.98e-05,0.128,0.442,130.001,audio_features,5fwSHlTEWpluwOM0Sxnh5k,spotify:track:5fwSHlTEWpluwOM0Sxnh5k,https://api.spotify.com/v1/tracks/5fwSHlTEWpluwOM0Sxnh5k,https://api.spotify.com/v1/audio-analysis/5fwSHlTEWpluwOM0Sxnh5k,287120,4
0.278,0.572,7,-8.295,1,0.0407,0.392,0.0,0.063,0.311,95.351,audio_features,2f0Ft2XdvNSMSY5TUlZgEz,spotify:track:2f0Ft2XdvNSMSY5TUlZgEz,https://api.spotify.com/v1/tracks/2f0Ft2XdvNSMSY5TUlZgEz,https://api.spotify.com/v1/audio-analysis/2f0Ft2XdvNSMSY5TUlZgEz,253760,3
0.248,0.75,7,-2.964,1,0.0397,0.318,0.0,0.211,0.18,70.679,audio_features,3lI5dscCDez8cF6LF3Me7F,spotify:track:3lI5dscCDez8cF6LF3Me7F,https://api.spotify.com/v1/tracks/3lI5dscCDez8cF6LF3Me7F,https://api.spotify.com/v1/audio-analysis/3lI5dscCDez8cF6LF3Me7F,215112,3
0.531,0.834,2,-3.944,1,0.052,0.277,0.0,0.131,0.526,142.026,audio_features,1iRvhKiXRElIH2Uf4gd95P,spotify:track:1iRvhKiXRElIH2Uf4gd95P,https://api.spotify.com/v1/tracks/1iRvhKiXRElIH2Uf4gd95P,https://api.spotify.com/v1/audio-analysis/1iRvhKiXRElIH2Uf4gd95P,247640,4
0.733,0.892,0,-3.641,1,0.0417,0.0376,0.0,0.137,0.675,95.989,audio_features,2hl6q70unbviGo3g1R7uFx,spotify:track:2hl6q70unbviGo3g1R7uFx,https://api.spotify.com/v1/tracks/2hl6q70unbviGo3g1R7uFx,https://api.spotify.com/v1/audio-analysis/2hl6q70unbviGo3g1R7uFx,173720,4
0.619,0.452,9,-5.449,1,0.028,0.502,0.0,0.122,0.174,131.981,audio_features,0lPXFrKyl8HkdQ2E6NmNja,spotify:track:0lPXFrKyl8HkdQ2E6NmNja,https://api.spotify.com/v1/tracks/0lPXFrKyl8HkdQ2E6NmNja,https://api.spotify.com/v1/audio-analysis/0lPXFrKyl8HkdQ2E6NmNja,204173,4
0.453,0.673,8,-5.649,1,0.144,0.32,0.0,0.131,0.266,92.06,audio_features,1UdzJEpgJxtuXAlCOvD4S0,spotify:track:1UdzJEpgJxtuXAlCOvD4S0,https://api.spotify.com/v1/tracks/1UdzJEpgJxtuXAlCOvD4S0,https://api.spotify.com/v1/audio-analysis/1UdzJEpgJxtuXAlCOvD4S0,159849,4
0.869,0.694,1,-3.35,0,0.0783,0.356,0.00125,0.0878,0.511,90.02,audio_features,6ZOcbKub95XSDESsKKuH41,spotify:track:6ZOcbKub95XSDESsKKuH41,https://api.spotify.com/v1/tracks/6ZOcbKub95XSDESsKKuH41,https://api.spotify.com/v1/audio-analysis/6ZOcbKub95XSDESsKKuH41,224997,4
0.812,0.736,4,-5.421,0,0.0833,0.152,0.00254,0.0914,0.396,91.993,audio_features,3IAfUEeaXRX9s9UdKOJrFI,spotify:track:3IAfUEeaXRX9s9UdKOJrFI,https://api.spotify.com/v1/tracks/3IAfUEeaXRX9s9UdKOJrFI,https://api.spotify.com/v1/audio-analysis/3IAfUEeaXRX9s9UdKOJrFI,193806,4
0.39,0.355,5,-13.509,1,0.0345,0.0563,0.0,0.735,0.262,165.961,audio_features,6YNCE5qtrTa7YcnAOAEsDQ,spotify:track:6YNCE5qtrTa7YcnAOAEsDQ,https://api.spotify.com/v1/tracks/6YNCE5qtrTa7YcnAOAEsDQ,https://api.spotify.com/v1/audio-analysis/6YNCE5qtrTa7YcnAOAEsDQ,218267,4
0.78,0.566,11,-9.289,1,0.05,0.323,0.000463,0.0814,0.281,111.019,audio_features,6A3Q8BVAAI2PW1s6MX4ZGF,spotify:track:6A3Q8BVAAI2PW1s6MX4ZGF,https://api.spotify.com/v1/tracks/6A3Q8BVAAI2PW1s6MX4ZGF,https://api.spotify.com/v1/audio-analysis/6A3Q8BVAAI2PW1s6MX4ZGF,235600,4
0.557,0.573,7,-6.244,1,0.0335,0.159,2.49e-06,0.116,0.193,75.973,audio_features,4AkrkORGjiz7c90mwxAvdW,spotify:track:4AkrkORGjiz7c90mwxAvdW,https://api.spotify.com/v1/tracks/4AkrkORGjiz7c90mwxAvdW,https://api.spotify.com/v1/audio-analysis/4AkrkORGjiz7c90mwxAvdW,263600,4
0.648,0.846,0,-6.731,1,0.0424,0.199,4.23e-06,0.0803,0.815,160.075,audio_features,0wQCKR9OFjYu5Kzrk7WivJ,spotify:track:0wQCKR9OFjYu5Kzrk7WivJ,https://api.spotify.com/v1/tracks/0wQCKR9OFjYu5Kzrk7WivJ,https://api.spotify.com/v1/audio-analysis/0wQCKR9OFjYu5Kzrk7WivJ,343413,4
0.706,0.844,6,-4.054,0,0.0737,0.0222,0.0,0.355,0.762,100.005,audio_features,6VUJQqyeQhAZHkQbSDqLtI,spotify:track:6VUJQqyeQhAZHkQbSDqLtI,https://api.spotify.com/v1/tracks/6VUJQqyeQhAZHkQbSDqLtI,https://api.spotify.com/v1/audio-analysis/6VUJQqyeQhAZHkQbSDqLtI,204667,4
0.783,0.685,9,-5.008,1,0.0271,0.627,3.49e-06,0.108,0.54,107.01,audio_features,4waqcUQWdj0yH26STWl2Rq,spotify:track:4waqcUQWdj0yH26STWl2Rq,https://api.spotify.com/v1/tracks/4waqcUQWdj0yH26STWl2Rq,https://api.spotify.com/v1/audio-analysis/4waqcUQWdj0yH26STWl2Rq,236333,4
0.74,0.783,0,-5.367,1,0.0427,0.0297,0.000308,0.123,0.812,100.011,audio_features,5BSclXJTa9B0iURhUjZo50,spotify:track:5BSclXJTa9B0iURhUjZo50,https://api.spotify.com/v1/tracks/5BSclXJTa9B0iURhUjZo50,https://api.spotify.com/v1/audio-analysis/5BSclXJTa9B0iURhUjZo50,212893,4
0.742,0.859,10,-4.942,1,0.0482,0.0824,0.0,0.359,0.652,95.046,audio_features,0JcNysfWVWaMS7R6vzGB2k,spotify:track:0JcNysfWVWaMS7R6vzGB2k,https://api.spotify.com/v1/tracks/0JcNysfWVWaMS7R6vzGB2k,https://api.spotify.com/v1/audio-analysis/0JcNysfWVWaMS7R6vzGB2k,194742,4
0.751,0.731,6,-4.419,0,0.0308,0.0838,0.0,0.0556,0.973,97.007,audio_features,2EM9zpAc7PVeoAydmbfVIL,spotify:track:2EM9zpAc7PVeoAydmbfVIL,https://api.spotify.com/v1/tracks/2EM9zpAc7PVeoAydmbfVIL,https://api.spotify.com/v1/audio-analysis/2EM9zpAc7PVeoAydmbfVIL,216707,4
0.573,0.667,2,-6.612,0,0.0278,0.172,0.000102,0.15,0.258,135.961,audio_features,0mjwigpuvO4IAAMtoNoUyQ,spotify:track:0mjwigpuvO4IAAMtoNoUyQ,https://api.spotify.com/v1/tracks/0mjwigpuvO4IAAMtoNoUyQ,https://api.spotify.com/v1/audio-analysis/0mjwigpuvO4IAAMtoNoUyQ,239707,4
0.425,0.954,1,-3.756,0,0.0476,0.00414,0.0,0.0555,0.933,178.043,audio_features,0Ph6L4l8dYUuXFmb71Ajnd,spotify:track:0Ph6L4l8dYUuXFmb71Ajnd,https://api.spotify.com/v1/tracks/0Ph6L4l8dYUuXFmb71Ajnd,https://api.spotify.com/v1/audio-analysis/0Ph6L4l8dYUuXFmb71Ajnd,243160,4
0.777,0.782,0,-4.435,0,0.0907,0.0505,0.0,0.64,0.773,94.023,audio_features,4ggiDYAkJ7Yk8d5xOr7Xjo,spotify:track:4ggiDYAkJ7Yk8d5xOr7Xjo,https://api.spotify.com/v1/tracks/4ggiDYAkJ7Yk8d5xOr7Xjo,https://api.spotify.com/v1/audio-analysis/4ggiDYAkJ7Yk8d5xOr7Xjo,221653,4
0.725,0.903,0,-2.955,1,0.0658,0.0344,0.0,0.183,0.946,142.006,audio_features,00i0O74dXdaKKdCrqHnfXm,spotify:track:00i0O74dXdaKKdCrqHnfXm,https://api.spotify.com/v1/tracks/00i0O74dXdaKKdCrqHnfXm,https://api.spotify.com/v1/audio-analysis/00i0O74dXdaKKdCrqHnfXm,211680,4
0.791,0.782,7,-4.973,1,0.0289,0.143,3.7e-06,0.107,0.635,115.992,audio_features,2JBs412fpVUuzIaIp3CyIs,spotify:track:2JBs412fpVUuzIaIp3CyIs,https://api.spotify.com/v1/tracks/2JBs412fpVUuzIaIp3CyIs,https://api.spotify.com/v1/audio-analysis/2JBs412fpVUuzIaIp3CyIs,264720,4
0.578,0.524,7,-4.447,1,0.0322,0.186,0.0,0.126,0.196,135.739,audio_features,376zCxYCHr7rSFBdz41QyE,spotify:track:376zCxYCHr7rSFBdz41QyE,https://api.spotify.com/v1/tracks/376zCxYCHr7rSFBdz41QyE,https://api.spotify.com/v1/audio-analysis/376zCxYCHr7rSFBdz41QyE,236613,4
0.691,0.658,0,-6.496,1,0.0359,0.398,4.58e-05,0.112,0.617,97.68,audio_features,3yEtuhGR8jOtusa29jWrhG,spotify:track:3yEtuhGR8jOtusa29jWrhG,https://api.spotify.com/v1/tracks/3yEtuhGR8jOtusa29jWrhG,https://api.spotify.com/v1/audio-analysis/3yEtuhGR8jOtusa29jWrhG,300160,4
0.882,0.689,6,-4.027,1,0.124,0.39,0.00325,0.0501,0.746,97.963,audio_features,2qG5sZ7Si6sdK74qLxedYM,spotify:track:2qG5sZ7Si6sdK74qLxedYM,https://api.spotify.com/v1/tracks/2qG5sZ7Si6sdK74qLxedYM,https://api.spotify.com/v1/audio-analysis/2qG5sZ7Si6sdK74qLxedYM,161627,4
0.836,0.703,4,-3.554,0,0.0657,0.0845,0.0,0.138,0.902,94.048,audio_features,7FlQk2gJ6TBrHHiidvdR2O,spotify:track:7FlQk2gJ6TBrHHiidvdR2O,https://api.spotify.com/v1/tracks/7FlQk2gJ6TBrHHiidvdR2O,https://api.spotify.com/v1/audio-analysis/7FlQk2gJ6TBrHHiidvdR2O,226093,4
0.678,0.806,1,-3.334,1,0.0648,0.0464,0.0,0.0673,0.614,183.984,audio_features,4yVO0wOhXsZC1RuPgHP524,spotify:track:4yVO0wOhXsZC1RuPgHP524,https://api.spotify.com/v1/tracks/4yVO0wOhXsZC1RuPgHP524,https://api.spotify.com/v1/audio-analysis/4yVO0wOhXsZC1RuPgHP524,227480,4
0.653,0.524,11,-9.016,0,0.0502,0.112,0.0,0.203,0.553,83.97,audio_features,6tDDoYIxWvMLTdKpjFkc1B,spotify:track:6tDDoYIxWvMLTdKpjFkc1B,https://api.spotify.com/v1/tracks/6tDDoYIxWvMLTdKpjFkc1B,https://api.spotify.com/v1/audio-analysis/6tDDoYIxWvMLTdKpjFkc1B,160191,4
0.789,0.837,10,-3.247,1,0.23,0.125,0.0,0.209,0.476,81.536,audio_features,3MBNAfBXIq9fI2Sez8EcNX,spotify:track:3MBNAfBXIq9fI2Sez8EcNX,https://api.spotify.com/v1/tracks/3MBNAfBXIq9fI2Sez8EcNX,https://api.spotify.com/v1/audio-analysis/3MBNAfBXIq9fI2Sez8EcNX,200337,4
0.641,0.614,7,-7.847,1,0.0532,0.0745,0.0,0.093,0.727,81.011,audio_features,1qCLx3nX25NuhfPjM5E1qV,spotify:track:1qCLx3nX25NuhfPjM5E1qV,https://api.spotify.com/v1/tracks/1qCLx3nX25NuhfPjM5E1qV,https://api.spotify.com/v1/audio-analysis/1qCLx3nX25NuhfPjM5E1qV,210889,4
0.454,0.563,0,-4.622,1,0.0302,0.146,0.0,0.157,0.214,76.016,audio_features,2TICa3nLeg8Ra4XblaxziL,spotify:track:2TICa3nLeg8Ra4XblaxziL,https://api.spotify.com/v1/tracks/2TICa3nLeg8Ra4XblaxziL,https://api.spotify.com/v1/audio-analysis/2TICa3nLeg8Ra4XblaxziL,250000,4
0.727,0.482,11,-6.193,1,0.115,0.933,0.0,0.388,0.487,74.93,audio_features,6qoIFQfdmaQF9A1gb67tR7,spotify:track:6qoIFQfdmaQF9A1gb67tR7,https://api.spotify.com/v1/tracks/6qoIFQfdmaQF9A1gb67tR7,https://api.spotify.com/v1/audio-analysis/6qoIFQfdmaQF9A1gb67tR7,155947,4
0.824,0.496,9,-9.126,1,0.0704,0.223,1.31e-05,0.115,0.894,155.072,audio_features,5XR1WyZ0uOSHRNhP85QxT4,spotify:track:5XR1WyZ0uOSHRNhP85QxT4,https://api.spotify.com/v1/tracks/5XR1WyZ0uOSHRNhP85QxT4,https://api.spotify.com/v1/audio-analysis/5XR1WyZ0uOSHRNhP85QxT4,217467,4
0.629,0.507,10,-6.443,1,0.0288,0.468,0.0,0.0937,0.55,94.023,audio_features,3KK3nLgrRdycpnYxPDVfMV,spotify:track:3KK3nLgrRdycpnYxPDVfMV,https://api.spotify.com/v1/tracks/3KK3nLgrRdycpnYxPDVfMV,https://api.spotify.com/v1/audio-analysis/3KK3nLgrRdycpnYxPDVfMV,184267,4
0.716,0.426,10,-9.576,1,0.128,0.401,0.0,0.11,0.434,88.794,audio_features,7Gk5OrMYaMRtT2JmgJVAfk,spotify:track:7Gk5OrMYaMRtT2JmgJVAfk,https://api.spotify.com/v1/tracks/7Gk5OrMYaMRtT2JmgJVAfk,https://api.spotify.com/v1/audio-analysis/7Gk5OrMYaMRtT2JmgJVAfk,202288,4
0.728,0.837,4,-8.881,1,0.031,0.165,0.0,0.0781,0.862,131.624,audio_features,7rXIZ4HSQP2lCCkcA3SMXg,spotify:track:7rXIZ4HSQP2lCCkcA3SMXg,https://api.spotify.com/v1/tracks/7rXIZ4HSQP2lCCkcA3SMXg,https://api.spotify.com/v1/audio-analysis/7rXIZ4HSQP2lCCkcA3SMXg,294040,4
0.831,0.697,1,-5.298,0,0.0483,0.175,0.0,0.0757,0.964,120.047,audio_features,0sPtR2Z0fRbKOKc3OvBEdA,spotify:track:0sPtR2Z0fRbKOKc3OvBEdA,https://api.spotify.com/v1/tracks/0sPtR2Z0fRbKOKc3OvBEdA,https://api.spotify.com/v1/audio-analysis/0sPtR2Z0fRbKOKc3OvBEdA,188561,4
0.801,0.401,0,-8.082,1,0.0491,0.909,0.0,0.158,0.595,126.455,audio_features,6ohTBTmcNHe9UzvxAgA9wJ,spotify:track:6ohTBTmcNHe9UzvxAgA9wJ,https://api.spotify.com/v1/tracks/6ohTBTmcNHe9UzvxAgA9wJ,https://api.spotify.com/v1/audio-analysis/6ohTBTmcNHe9UzvxAgA9wJ,124590,4
0.783,0.84,1,-3.416,1,0.051,0.174,0.0,0.412,0.839,95.001,audio_features,6KuqAtoeVzxAYOaMveLNpH,spotify:track:6KuqAtoeVzxAYOaMveLNpH,https://api.spotify.com/v1/tracks/6KuqAtoeVzxAYOaMveLNpH,https://api.spotify.com/v1/audio-analysis/6KuqAtoeVzxAYOaMveLNpH,200480,4
0.747,0.74,4,-4.325,0,0.191,0.0165,9.94e-05,0.101,0.552,176.059,audio_features,2D3z17LBMJ2HEHeBFFjTLi,spotify:track:2D3z17LBMJ2HEHeBFFjTLi,https://api.spotify.com/v1/tracks/2D3z17LBMJ2HEHeBFFjTLi,https://api.spotify.com/v1/audio-analysis/2D3z17LBMJ2HEHeBFFjTLi,158800,4
0.881,0.848,1,-3.747,0,0.0987,0.353,0.0,0.272,0.848,115.001,audio_features,1txKMRTXE0Gh3aQVSHxmwY,spotify:track:1txKMRTXE0Gh3aQVSHxmwY,https://api.spotify.com/v1/tracks/1txKMRTXE0Gh3aQVSHxmwY,https://api.spotify.com/v1/audio-analysis/1txKMRTXE0Gh3aQVSHxmwY,205173,4
0.808,0.697,10,-5.899,1,0.241,0.041,0.0,0.0546,0.554,95.06,audio_features,5gflgO9EPbIBf16n5TKnQS,spotify:track:5gflgO9EPbIBf16n5TKnQS,https://api.spotify.com/v1/tracks/5gflgO9EPbIBf16n5TKnQS,https://api.spotify.com/v1/audio-analysis/5gflgO9EPbIBf16n5TKnQS,232020,4
0.671,0.817,6,-12.107,0,0.0569,0.415,0.000235,0.0715,0.938,119.549,audio_features,3iB8eciGU9vZkaDYkz7Ir9,spotify:track:3iB8eciGU9vZkaDYkz7Ir9,https://api.spotify.com/v1/tracks/3iB8eciGU9vZkaDYkz7Ir9,https://api.spotify.com/v1/audio-analysis/3iB8eciGU9vZkaDYkz7Ir9,203333,4
0.676,0.792,5,-4.594,0,0.0351,0.0149,0.0,0.414,0.57,112.004,audio_features,3DsLBZjoU5AYxZXsepHtsW,spotify:track:3DsLBZjoU5AYxZXsepHtsW,https://api.spotify.com/v1/tracks/3DsLBZjoU5AYxZXsepHtsW,https://api.spotify.com/v1/audio-analysis/3DsLBZjoU5AYxZXsepHtsW,192853,4
0.607,0.188,7,-15.084,1,0.0326,0.895,1.79e-06,0.109,0.486,135.896,audio_features,072YgF7J2clpY8DsWOpEri,spotify:track:072YgF7J2clpY8DsWOpEri,https://api.spotify.com/v1/tracks/072YgF7J2clpY8DsWOpEri,https://api.spotify.com/v1/audio-analysis/072YgF7J2clpY8DsWOpEri,227613,4
0.594,0.457,4,-8.673,1,0.0303,0.612,0.0,0.1,0.205,117.989,audio_features,2425UlXvkIkAEJAtAd8ROm,spotify:track:2425UlXvkIkAEJAtAd8ROm,https://api.spotify.com/v1/tracks/2425UlXvkIkAEJAtAd8ROm,https://api.spotify.com/v1/audio-analysis/2425UlXvkIkAEJAtAd8ROm,266667,4
0.79,0.435,7,-7.921,1,0.0347,0.697,0.0,0.0723,0.703,124.036,audio_features,5gEqsAFXdbOyyT1tCbtR65,spotify:track:5gEqsAFXdbOyyT1tCbtR65,https://api.spotify.com/v1/tracks/5gEqsAFXdbOyyT1tCbtR65,https://api.spotify.com/v1/audio-analysis/5gEqsAFXdbOyyT1tCbtR65,275893,4
0.751,0.579,2,-4.036,1,0.0321,0.398,2.28e-05,0.133,0.349,105.031,audio_features,3whrwq4DtvucphBPUogRuJ,spotify:track:3whrwq4DtvucphBPUogRuJ,https://api.spotify.com/v1/tracks/3whrwq4DtvucphBPUogRuJ,https://api.spotify.com/v1/audio-analysis/3whrwq4DtvucphBPUogRuJ,199095,4
0.695,0.636,5,-4.654,1,0.317,0.234,0.0,0.081,0.575,174.14,audio_features,2rurDawMfoKP4uHyb2kJBt,spotify:track:2rurDawMfoKP4uHyb2kJBt,https://api.spotify.com/v1/tracks/2rurDawMfoKP4uHyb2kJBt,https://api.spotify.com/v1/audio-analysis/2rurDawMfoKP4uHyb2kJBt,172235,4
0.911,0.712,1,-5.105,0,0.0817,0.0901,2.68e-05,0.0933,0.425,92.005,audio_features,6Sq7ltF9Qa7SNFBsV5Cogx,spotify:track:6Sq7ltF9Qa7SNFBsV5Cogx,https://api.spotify.com/v1/tracks/6Sq7ltF9Qa7SNFBsV5Cogx,https://api.spotify.com/v1/audio-analysis/6Sq7ltF9Qa7SNFBsV5Cogx,178567,4
0.843,0.7,4,-3.563,0,0.0803,0.0934,0.0,0.14,0.899,93.991,audio_features,1ri9ZUkBJVFUdgwzCnfcYs,spotify:track:1ri9ZUkBJVFUdgwzCnfcYs,https://api.spotify.com/v1/tracks/1ri9ZUkBJVFUdgwzCnfcYs,https://api.spotify.com/v1/audio-analysis/1ri9ZUkBJVFUdgwzCnfcYs,226088,4
0.77,0.899,8,-2.981,1,0.0494,0.222,1.14e-06,0.0894,0.851,128.05,audio_features,6PDlkWmrq2ZKiUuFt2aQsH,spotify:track:6PDlkWmrq2ZKiUuFt2aQsH,https://api.spotify.com/v1/tracks/6PDlkWmrq2ZKiUuFt2aQsH,https://api.spotify.com/v1/audio-analysis/6PDlkWmrq2ZKiUuFt2aQsH,231604,4
0.87,0.548,10,-5.253,0,0.077,0.0924,4.6e-05,0.0534,0.832,96.018,audio_features,0lREs0EdgrMQQKw00yx0Ct,spotify:track:0lREs0EdgrMQQKw00yx0Ct,https://api.spotify.com/v1/tracks/0lREs0EdgrMQQKw00yx0Ct,https://api.spotify.com/v1/audio-analysis/0lREs0EdgrMQQKw00yx0Ct,153750,4
0.826,0.704,9,-7.527,1,0.117,0.189,4.8e-05,0.0617,0.741,94.013,audio_features,72YHgP5Zueyh9ilIjkaEaB,spotify:track:72YHgP5Zueyh9ilIjkaEaB,https://api.spotify.com/v1/tracks/72YHgP5Zueyh9ilIjkaEaB,https://api.spotify.com/v1/audio-analysis/72YHgP5Zueyh9ilIjkaEaB,205000,4
0.583,0.834,0,-4.875,1,0.0444,0.0495,0.0,0.0658,0.557,173.935,audio_features,2gpQi3hbcUAcEG8m2dlgfB,spotify:track:2gpQi3hbcUAcEG8m2dlgfB,https://api.spotify.com/v1/tracks/2gpQi3hbcUAcEG8m2dlgfB,https://api.spotify.com/v1/audio-analysis/2gpQi3hbcUAcEG8m2dlgfB,178203,4
0.766,0.295,0,-7.893,0,0.0464,0.947,4.44e-05,0.119,0.805,136.016,audio_features,6Y46tOTRhkBamosyuWa6YX,spotify:track:6Y46tOTRhkBamosyuWa6YX,https://api.spotify.com/v1/tracks/6Y46tOTRhkBamosyuWa6YX,https://api.spotify.com/v1/audio-analysis/6Y46tOTRhkBamosyuWa6YX,188107,4
0.702,0.84,0,-3.547,1,0.0879,0.0112,0.0,0.119,0.624,101.99,audio_features,0yyZN5ASdrYu0XYWFzfxUu,spotify:track:0yyZN5ASdrYu0XYWFzfxUu,https://api.spotify.com/v1/tracks/0yyZN5ASdrYu0XYWFzfxUu,https://api.spotify.com/v1/audio-analysis/0yyZN5ASdrYu0XYWFzfxUu,183573,4
0.76,0.773,9,-5.314,1,0.0675,0.176,0.0,0.1,0.895,102.789,audio_features,7DhYjNLksXZhbRQeheAums,spotify:track:7DhYjNLksXZhbRQeheAums,https://api.spotify.com/v1/tracks/7DhYjNLksXZhbRQeheAums,https://api.spotify.com/v1/audio-analysis/7DhYjNLksXZhbRQeheAums,266160,4
0.421,0.505,11,-5.649,1,0.0374,0.495,0.0,0.0883,0.119,80.635,audio_features,2O8pjEXQPQne5I2TtHPJJ5,spotify:track:2O8pjEXQPQne5I2TtHPJJ5,https://api.spotify.com/v1/tracks/2O8pjEXQPQne5I2TtHPJJ5,https://api.spotify.com/v1/audio-analysis/2O8pjEXQPQne5I2TtHPJJ5,251400,4
0.513,0.782,10,-6.117,1,0.0733,0.431,0.0,0.0735,0.409,139.896,audio_features,4lWnNqKJmhxrgzidQmXB94,spotify:track:4lWnNqKJmhxrgzidQmXB94,https://api.spotify.com/v1/tracks/4lWnNqKJmhxrgzidQmXB94,https://api.spotify.com/v1/audio-analysis/4lWnNqKJmhxrgzidQmXB94,226160,4
0.839,0.784,7,-5.208,0,0.0654,0.0628,0.000159,0.0846,0.54,102.006,audio_features,6w0hTf98ZNQm5GpfWeuoAk,spotify:track:6w0hTf98ZNQm5GpfWeuoAk,https://api.spotify.com/v1/tracks/6w0hTf98ZNQm5GpfWeuoAk,https://api.spotify.com/v1/audio-analysis/6w0hTf98ZNQm5GpfWeuoAk,245756,4
0.549,0.502,9,-9.11,1,0.0292,0.514,0.0,0.222,0.398,84.287,audio_features,0Fuc8WMl8xSXjb8d4M6Xqo,spotify:track:0Fuc8WMl8xSXjb8d4M6Xqo,https://api.spotify.com/v1/tracks/0Fuc8WMl8xSXjb8d4M6Xqo,https://api.spotify.com/v1/audio-analysis/0Fuc8WMl8xSXjb8d4M6Xqo,333133,4
