danceability,energy,key,loudness,mode,speechiness,acousticness,instrumentalness,liveness,valence,tempo,type,id,uri,track_href,analysis_url,duration_ms,time_signature
0.488,0.87,6,-4.185,0,0.0421,0.00353,0.0,0.484,0.211,110.072,audio_features,2SrC3eKJkbnz4WWJufgBTS,spotify:track:2SrC3eKJkbnz4WWJufgBTS,https://api.spotify.com/v1/tracks/2SrC3eKJkbnz4WWJufgBTS,https://api.spotify.com/v1/audio-analysis/2SrC3eKJkbnz4WWJufgBTS,187520,4
0.294,0.641,11,-9.316,1,0.0291,0.0163,0.22,0.112,0.226,79.759,audio_features,3YRCqOhFifThpSRFJ1VWFM,spotify:track:3YRCqOhFifThpSRFJ1VWFM,https://api.spotify.com/v1/tracks/3YRCqOhFifThpSRFJ1VWFM,https://api.spotify.com/v1/audio-analysis/3YRCqOhFifThpSRFJ1VWFM,536067,4
0.423,0.747,0,-6.591,1,0.0481,0.0406,0.0,0.109,0.142,146.015,audio_features,729DTEceDAH7SgXDCuJnGW,spotify:track:729DTEceDAH7SgXDCuJnGW,https://api.spotify.com/v1/tracks/729DTEceDAH7SgXDCuJnGW,https://api.spotify.com/v1/audio-analysis/729DTEceDAH7SgXDCuJnGW,182040,4
0.41,0.964,7,-6.648,1,0.0763,0.000706,0.745,1.0,0.274,121.868,audio_features,6gVH9jHl5Xpxxl4gVVrEkE,spotify:track:6gVH9jHl5Xpxxl4gVVrEkE,https://api.spotify.com/v1/tracks/6gVH9jHl5Xpxxl4gVVrEkE,https://api.spotify.com/v1/audio-analysis/6gVH9jHl5Xpxxl4gVVrEkE,285187,4
0.414,0.404,0,-9.928,0,0.0499,0.271,0.0,0.3,0.224,71.105,audio_features,4u7EnebtmKWzUH433cf5Qv,spotify:track:4u7EnebtmKWzUH433cf5Qv,https://api.spotify.com/v1/tracks/4u7EnebtmKWzUH433cf5Qv,https://api.spotify.com/v1/audio-analysis/4u7EnebtmKWzUH433cf5Qv,354320,4
0.565,0.564,2,-10.044,1,0.0292,0.161,0.0,0.114,0.454,134.358,audio_features,79UJTjTabqsQUhLkTJlSit,spotify:track:79UJTjTabqsQUhLkTJlSit,https://api.spotify.com/v1/tracks/79UJTjTabqsQUhLkTJlSit,https://api.spotify.com/v1/audio-analysis/79UJTjTabqsQUhLkTJlSit,295533,4
0.556,0.864,3,-5.87,0,0.0584,0.00958,0.0,0.209,0.4,105.143,audio_features,60a0Rd6pjrkxjPbaKzXjfq,spotify:track:60a0Rd6pjrkxjPbaKzXjfq,https://api.spotify.com/v1/tracks/60a0Rd6pjrkxjPbaKzXjfq,https://api.spotify.com/v1/audio-analysis/60a0Rd6pjrkxjPbaKzXjfq,216880,4
0.446,0.952,6,-5.321,1,0.0523,0.0901,0.0857,0.112,0.624,125.303,audio_features,7snQQk1zcKl8gZ92AnueZW,spotify:track:7snQQk1zcKl8gZ92AnueZW,https://api.spotify.com/v1/tracks/7snQQk1zcKl8gZ92AnueZW,https://api.spotify.com/v1/audio-analysis/7snQQk1zcKl8gZ92AnueZW,356067,4
0.548,0.532,5,-7.596,1,0.0323,0.186,0.000263,0.217,0.405,85.03,audio_features,5FVd6KXrgO9B3JPmC8OPst,spotify:track:5FVd6KXrgO9B3JPmC8OPst,https://api.spotify.com/v1/tracks/5FVd6KXrgO9B3JPmC8OPst,https://api.spotify.com/v1/audio-analysis/5FVd6KXrgO9B3JPmC8OPst,272394,4
0.252,0.738,7,-5.326,1,0.0446,0.0145,0.000497,0.375,0.256,165.187,audio_features,68HyvTUsmlpH1UJo9tn5v3,spotify:track:68HyvTUsmlpH1UJo9tn5v3,https://api.spotify.com/v1/tracks/68HyvTUsmlpH1UJo9tn5v3,https://api.spotify.com/v1/audio-analysis/68HyvTUsmlpH1UJo9tn5v3,307440,4
0.502,0.89,4,-5.175,1,0.0364,0.000147,0.0117,0.217,0.259,133.52,audio_features,57bgtoPSgt236HzfBOd8kj,spotify:track:57bgtoPSgt236HzfBOd8kj,https://api.spotify.com/v1/tracks/57bgtoPSgt236HzfBOd8kj,https://api.spotify.com/v1/audio-analysis/57bgtoPSgt236HzfBOd8kj,292880,4
0.551,0.913,0,-4.063,0,0.0466,0.0263,1.35e-05,0.347,0.544,119.992,audio_features,0v1XpBHnsbkCn7iJ9Ucr1l,spotify:track:0v1XpBHnsbkCn7iJ9Ucr1l,https://api.spotify.com/v1/tracks/0v1XpBHnsbkCn7iJ9Ucr1l,https://api.spotify.com/v1/audio-analysis/0v1XpBHnsbkCn7iJ9Ucr1l,224493,4
0.417,0.934,7,-3.908,0,0.119,0.000278,0.0015,0.132,0.287,127.066,audio_features,2DlHlPMa4M17kufBvI2lEN,spotify:track:2DlHlPMa4M17kufBvI2lEN,https://api.spotify.com/v1/tracks/2DlHlPMa4M17kufBvI2lEN,https://api.spotify.com/v1/audio-analysis/2DlHlPMa4M17kufBvI2lEN,210240,4
0.553,0.362,4,-11.218,0,0.0263,0.0458,6.01e-06,0.075,0.158,142.352,audio_features,0nLiqZ6A27jJri2VCalIUs,spotify:track:0nLiqZ6A27jJri2VCalIUs,https://api.spotify.com/v1/tracks/0nLiqZ6A27jJri2VCalIUs,https://api.spotify.com/v1/audio-analysis/0nLiqZ6A27jJri2VCalIUs,388267,3
0.331,0.943,4,-3.188,0,0.0698,0.00721,2.06e-06,0.242,0.296,94.612,audio_features,0COqiPhxzoWICwFCS4eZcp,spotify:track:0COqiPhxzoWICwFCS4eZcp,https://api.spotify.com/v1/tracks/0COqiPhxzoWICwFCS4eZcp,https://api.spotify.com/v1/audio-analysis/0COqiPhxzoWICwFCS4eZcp,235893,4
0.82,0.452,1,-9.796,1,0.0348,0.543,0.00294,0.0714,0.74,117.401,audio_features,1JSTJqkT5qHq8MDJnJbRE1,spotify:track:1JSTJqkT5qHq8MDJnJbRE1,https://api.spotify.com/v1/tracks/1JSTJqkT5qHq8MDJnJbRE1,https://api.spotify.com/v1/audio-analysis/1JSTJqkT5qHq8MDJnJbRE1,253920,4
0.666,0.855,9,-5.051,0,0.0295,0.179,1.2e-06,0.0987,0.803,125.639,audio_features,31AOj9sFz2gM0O3hMARRBx,spotify:track:31AOj9sFz2gM0O3hMARRBx,https://api.spotify.com/v1/tracks/31AOj9sFz2gM0O3hMARRBx,https://api.spotify.com/v1/audio-analysis/31AOj9sFz2gM0O3hMARRBx,268427,4
0.529,0.843,6,-6.908,0,0.0616,0.0628,0.000827,0.0608,0.188,117.662,audio_features,3MrRksHupTVEQ7YbA0FsZK,spotify:track:3MrRksHupTVEQ7YbA0FsZK,https://api.spotify.com/v1/tracks/3MrRksHupTVEQ7YbA0FsZK,https://api.spotify.com/v1/audio-analysis/3MrRksHupTVEQ7YbA0FsZK,310333,4
0.614,0.568,7,-5.477,0,0.0276,0.00797,0.0,0.0997,0.516,107.849,audio_features,3YuaBvuZqcwN3CEAyyoaei,spotify:track:3YuaBvuZqcwN3CEAyyoaei,https://api.spotify.com/v1/tracks/3YuaBvuZqcwN3CEAyyoaei,https://api.spotify.com/v1/audio-analysis/3YuaBvuZqcwN3CEAyyoaei,293960,4
0.735,0.732,9,-7.423,1,0.0922,0.103,0.0,0.208,0.623,122.989,audio_features,6gJq0nXaCAVhc0qHWqUuch,spotify:track:6gJq0nXaCAVhc0qHWqUuch,https://api.spotify.com/v1/tracks/6gJq0nXaCAVhc0qHWqUuch,https://api.spotify.com/v1/audio-analysis/6gJq0nXaCAVhc0qHWqUuch,276451,4
0.532,0.887,0,-3.757,1,0.0335,0.0778,0.000214,0.294,0.795,122.511,audio_features,37ZJ0p5Jm13JPevGcx4SkF,spotify:track:37ZJ0p5Jm13JPevGcx4SkF,https://api.spotify.com/v1/tracks/37ZJ0p5Jm13JPevGcx4SkF,https://api.spotify.com/v1/audio-analysis/37ZJ0p5Jm13JPevGcx4SkF,249293,4
0.592,0.767,9,-2.788,0,0.027,0.0021,0.00165,0.127,0.328,96.483,audio_features,48UPSzbZjgc449aqz8bxox,spotify:track:48UPSzbZjgc449aqz8bxox,https://api.spotify.com/v1/tracks/48UPSzbZjgc449aqz8bxox,https://api.spotify.com/v1/audio-analysis/48UPSzbZjgc449aqz8bxox,329733,4
0.505,0.71,3,-3.015,1,0.0321,0.19,0.00025,0.269,0.428,89.938,audio_features,5qaEfEh1AtSdrdrByCP7qR,spotify:track:5qaEfEh1AtSdrdrByCP7qR,https://api.spotify.com/v1/tracks/5qaEfEh1AtSdrdrByCP7qR,https://api.spotify.com/v1/audio-analysis/5qaEfEh1AtSdrdrByCP7qR,177507,4
0.452,0.524,0,-10.108,1,0.0351,0.315,0.0,0.103,0.246,151.505,audio_features,3ovjw5HZZv43SxTwApooCM,spotify:track:3ovjw5HZZv43SxTwApooCM,https://api.spotify.com/v1/tracks/3ovjw5HZZv43SxTwApooCM,https://api.spotify.com/v1/audio-analysis/3ovjw5HZZv43SxTwApooCM,312360,4
0.52,0.709,5,-7.125,0,0.0352,0.247,1.78e-05,0.18,0.536,76.039,audio_features,6urCAbunOQI4bLhmGpX7iS,spotify:track:6urCAbunOQI4bLhmGpX7iS,https://api.spotify.com/v1/tracks/6urCAbunOQI4bLhmGpX7iS,https://api.spotify.com/v1/audio-analysis/6urCAbunOQI4bLhmGpX7iS,263560,4
0.472,0.671,4,-4.649,1,0.029,0.0129,0.0,0.159,0.0681,82.952,audio_features,77loZpT5Y5PRP1S451P9Yz,spotify:track:77loZpT5Y5PRP1S451P9Yz,https://api.spotify.com/v1/tracks/77loZpT5Y5PRP1S451P9Yz,https://api.spotify.com/v1/audio-analysis/77loZpT5Y5PRP1S451P9Yz,232800,4
0.31,0.7,9,-5.678,1,0.047,0.011,0.00965,0.0828,0.763,188.386,audio_features,08mG3Y1vljYA6bvDt4Wqkj,spotify:track:08mG3Y1vljYA6bvDt4Wqkj,https://api.spotify.com/v1/tracks/08mG3Y1vljYA6bvDt4Wqkj,https://api.spotify.com/v1/audio-analysis/08mG3Y1vljYA6bvDt4Wqkj,255493,4
0.377,0.658,4,-5.589,1,0.0318,0.117,0.0,0.0677,0.307,143.713,audio_features,0Z2CgMqTyPxSMJVcZZ2rGX,spotify:track:0Z2CgMqTyPxSMJVcZZ2rGX,https://api.spotify.com/v1/tracks/0Z2CgMqTyPxSMJVcZZ2rGX,https://api.spotify.com/v1/audio-analysis/0Z2CgMqTyPxSMJVcZZ2rGX,353320,4
0.356,0.917,9,-6.006,1,0.0479,0.0335,0.0,0.406,0.518,171.176,audio_features,57iDDD9N9tTWe75x6qhStw,spotify:track:57iDDD9N9tTWe75x6qhStw,https://api.spotify.com/v1/tracks/57iDDD9N9tTWe75x6qhStw,https://api.spotify.com/v1/audio-analysis/57iDDD9N9tTWe75x6qhStw,357267,4
0.287,0.264,9,-7.469,1,0.0355,0.913,0.0,0.106,0.17,144.23,audio_features,46SOM5rxqJ6YWAQUAX93xa,spotify:track:46SOM5rxqJ6YWAQUAX93xa,https://api.spotify.com/v1/tracks/46SOM5rxqJ6YWAQUAX93xa,https://api.spotify.com/v1/audio-analysis/46SOM5rxqJ6YWAQUAX93xa,264627,3
0.322,0.28,6,-9.367,0,0.0281,0.468,1.1e-06,0.102,0.175,85.794,audio_features,1Cj2vqUwlJVG27gJrun92y,spotify:track:1Cj2vqUwlJVG27gJrun92y,https://api.spotify.com/v1/tracks/1Cj2vqUwlJVG27gJrun92y,https://api.spotify.com/v1/audio-analysis/1Cj2vqUwlJVG27gJrun92y,248467,4
0.806,0.599,0,-9.379,0,0.0323,0.195,0.000455,0.0837,0.556,109.016,audio_features,7F8JbSCPBXm3IxMx2UMMhH,spotify:track:7F8JbSCPBXm3IxMx2UMMhH,https://api.spotify.com/v1/tracks/7F8JbSCPBXm3IxMx2UMMhH,https://api.spotify.com/v1/audio-analysis/7F8JbSCPBXm3IxMx2UMMhH,244080,4
0.671,0.373,9,-18.064,1,0.0323,0.257,8.01e-05,0.0481,0.732,92.718,audio_features,2374M0fQpWi3dLnB54qaLX,spotify:track:2374M0fQpWi3dLnB54qaLX,https://api.spotify.com/v1/tracks/2374M0fQpWi3dLnB54qaLX,https://api.spotify.com/v1/audio-analysis/2374M0fQpWi3dLnB54qaLX,295893,4
0.515,0.43,7,-9.935,1,0.0372,0.0097,0.000133,0.129,0.104,91.844,audio_features,70LcF31zb1H0PyJoS1Sx1r,spotify:track:70LcF31zb1H0PyJoS1Sx1r,https://api.spotify.com/v1/tracks/70LcF31zb1H0PyJoS1Sx1r,https://api.spotify.com/v1/audio-analysis/70LcF31zb1H0PyJoS1Sx1r,238640,4
0.559,0.868,5,-5.276,1,0.17,0.0475,0.000176,0.776,0.609,156.295,audio_features,5T8EDUDqKcs6OSOwEsfqG7,spotify:track:5T8EDUDqKcs6OSOwEsfqG7,https://api.spotify.com/v1/tracks/5T8EDUDqKcs6OSOwEsfqG7,https://api.spotify.com/v1/audio-analysis/5T8EDUDqKcs6OSOwEsfqG7,209413,4
0.413,0.873,8,-4.151,1,0.0536,0.000264,0.00249,0.204,0.48,116.68,audio_features,0snQkGI5qnAmohLE7jTsTn,spotify:track:0snQkGI5qnAmohLE7jTsTn,https://api.spotify.com/v1/tracks/0snQkGI5qnAmohLE7jTsTn,https://api.spotify.com/v1/audio-analysis/0snQkGI5qnAmohLE7jTsTn,218933,3
0.555,0.545,10,-6.768,0,0.0255,0.0629,0.0,0.124,0.193,143.988,audio_features,5IXk34xSm6rxNgXkCveC3r,spotify:track:5IXk34xSm6rxNgXkCveC3r,https://api.spotify.com/v1/tracks/5IXk34xSm6rxNgXkCveC3r,https://api.spotify.com/v1/audio-analysis/5IXk34xSm6rxNgXkCveC3r,238560,4
0.268,0.98,11,-5.958,1,0.103,0.0192,0.00709,0.182,0.395,100.315,audio_features,6eN1f9KNmiWEhpE2RhQqB5,spotify:track:6eN1f9KNmiWEhpE2RhQqB5,https://api.spotify.com/v1/tracks/6eN1f9KNmiWEhpE2RhQqB5,https://api.spotify.com/v1/audio-analysis/6eN1f9KNmiWEhpE2RhQqB5,405600,4
0.555,0.46,9,-7.032,1,0.0277,0.497,0.0,0.103,0.146,67.027,audio_features,03EnOL1O9EKi9CFNmPyrCm,spotify:track:03EnOL1O9EKi9CFNmPyrCm,https://api.spotify.com/v1/tracks/03EnOL1O9EKi9CFNmPyrCm,https://api.spotify.com/v1/audio-analysis/03EnOL1O9EKi9CFNmPyrCm,355640,3
0.457,0.297,6,-12.511,1,0.0306,0.686,0.000107,0.109,0.333,120.021,audio_features,1OEoNpiyqBghuEUaT6Je6U,spotify:track:1OEoNpiyqBghuEUaT6Je6U,https://api.spotify.com/v1/tracks/1OEoNpiyqBghuEUaT6Je6U,https://api.spotify.com/v1/audio-analysis/1OEoNpiyqBghuEUaT6Je6U,354880,4
0.29,0.827,8,-3.451,1,0.0362,0.000659,2.55e-06,0.301,0.45,167.086,audio_features,0HJRAM7Gt9jXskuXjZeFX3,spotify:track:0HJRAM7Gt9jXskuXjZeFX3,https://api.spotify.com/v1/tracks/0HJRAM7Gt9jXskuXjZeFX3,https://api.spotify.com/v1/audio-analysis/0HJRAM7Gt9jXskuXjZeFX3,493400,4
0.456,0.59,11,-8.638,1,0.0327,0.00182,0.00379,0.104,0.243,124.635,audio_features,2N2yrmodOnVF10mKvItC9P,spotify:track:2N2yrmodOnVF10mKvItC9P,https://api.spotify.com/v1/tracks/2N2yrmodOnVF10mKvItC9P,https://api.spotify.com/v1/audio-analysis/2N2yrmodOnVF10mKvItC9P,283733,4
0.458,0.795,0,-3.265,1,0.0574,0.00316,0.000202,0.0756,0.513,123.229,audio_features,64BbK9SFKH2jk86U3dGj2P,spotify:track:64BbK9SFKH2jk86U3dGj2P,https://api.spotify.com/v1/tracks/64BbK9SFKH2jk86U3dGj2P,https://api.spotify.com/v1/audio-analysis/64BbK9SFKH2jk86U3dGj2P,255373,4
0.52,0.652,5,-6.655,1,0.0274,0.34,5.49e-05,0.256,0.722,80.609,audio_features,6kvoHl80mfCVTv7XnZkjQn,spotify:track:6kvoHl80mfCVTv7XnZkjQn,https://api.spotify.com/v1/tracks/6kvoHl80mfCVTv7XnZkjQn,https://api.spotify.com/v1/audio-analysis/6kvoHl80mfCVTv7XnZkjQn,258787,4
0.646,0.666,6,-6.629,1,0.029,0.12,0.0,0.117,0.475,130.045,audio_features,6OAVkcpBf53LmpVwT4w0OU,spotify:track:6OAVkcpBf53LmpVwT4w0OU,https://api.spotify.com/v1/tracks/6OAVkcpBf53LmpVwT4w0OU,https://api.spotify.com/v1/audio-analysis/6OAVkcpBf53LmpVwT4w0OU,204080,4
0.626,0.134,6,-14.898,1,0.0298,0.467,0.0,0.113,0.239,91.893,audio_features,1gVgkQFOKa8Wc1HYsJtPdH,spotify:track:1gVgkQFOKa8Wc1HYsJtPdH,https://api.spotify.com/v1/tracks/1gVgkQFOKa8Wc1HYsJtPdH,https://api.spotify.com/v1/audio-analysis/1gVgkQFOKa8Wc1HYsJtPdH,334107,4
0.348,0.848,6,-4.674,0,0.0396,0.0454,0.0,0.143,0.486,162.189,audio_features,3QxKpdTB8ZSFn8MGeCCpsQ,spotify:track:3QxKpdTB8ZSFn8MGeCCpsQ,https://api.spotify.com/v1/tracks/3QxKpdTB8ZSFn8MGeCCpsQ,https://api.spotify.com/v1/audio-analysis/3QxKpdTB8ZSFn8MGeCCpsQ,316827,3
0.768,0.852,4,-6.215,1,0.038,0.214,7.36e-05,0.0723,0.867,128.373,audio_features,07q0QVgO56EorrSGHC48y3,spotify:track:07q0QVgO56EorrSGHC48y3,https://api.spotify.com/v1/tracks/07q0QVgO56EorrSGHC48y3,https://api.spotify.com/v1/audio-analysis/07q0QVgO56EorrSGHC48y3,271240,4
0.555,0.757,1,-7.868,0,0.0601,0.103,1.16e-06,0.0631,0.582,129.607,audio_features,5dRQUolXAVX3BbCiIxmSsf,spotify:track:5dRQUolXAVX3BbCiIxmSsf,https://api.spotify.com/v1/tracks/5dRQUolXAVX3BbCiIxmSsf,https://api.spotify.com/v1/audio-analysis/5dRQUolXAVX3BbCiIxmSsf,221840,4
0.56,0.959,7,-2.433,1,0.102,0.000722,0.000221,0.209,0.669,163.983,audio_features,45hOioMDJktr86iKDHC8gr,spotify:track:45hOioMDJktr86iKDHC8gr,https://api.spotify.com/v1/tracks/45hOioMDJktr86iKDHC8gr,https://api.spotify.com/v1/audio-analysis/45hOioMDJktr86iKDHC8gr,216600,4
0.577,0.828,6,-8.691,0,0.0298,0.00213,0.0114,0.0581,0.604,123.257,audio_features,5sICkBXVmaCQk5aISGR3x1,spotify:track:5sICkBXVmaCQk5aISGR3x1,https://api.spotify.com/v1/tracks/5sICkBXVmaCQk5aISGR3x1,https://api.spotify.com/v1/audio-analysis/5sICkBXVmaCQk5aISGR3x1,331267,4
0.623,0.93,5,-5.285,1,0.0324,0.0141,1.64e-06,0.138,0.287,120.119,audio_features,18lR4BzEs7e3qzc0KVkTpU,spotify:track:18lR4BzEs7e3qzc0KVkTpU,https://api.spotify.com/v1/tracks/18lR4BzEs7e3qzc0KVkTpU,https://api.spotify.com/v1/audio-analysis/18lR4BzEs7e3qzc0KVkTpU,205613,4
0.933,0.528,5,-6.472,0,0.161,0.112,0.312,0.163,0.754,109.967,audio_features,5vdp5UmvTsnMEMESIF2Ym7,spotify:track:5vdp5UmvTsnMEMESIF2Ym7,https://api.spotify.com/v1/tracks/5vdp5UmvTsnMEMESIF2Ym7,https://api.spotify.com/v1/audio-analysis/5vdp5UmvTsnMEMESIF2Ym7,214653,4
0.574,0.913,6,-4.793,0,0.133,0.061,0.00158,0.156,0.423,115.728,audio_features,2zYzyRzz6pRmhPzyfMEC8s,spotify:track:2zYzyRzz6pRmhPzyfMEC8s,https://api.spotify.com/v1/tracks/2zYzyRzz6pRmhPzyfMEC8s,https://api.spotify.com/v1/audio-analysis/2zYzyRzz6pRmhPzyfMEC8s,208400,4
0.743,0.446,4,-7.807,0,0.0683,0.0039,0.118,0.337,0.278,123.596,audio_features,3dPQuX8Gs42Y7b454ybpMR,spotify:track:3dPQuX8Gs42Y7b454ybpMR,https://api.spotify.com/v1/tracks/3dPQuX8Gs42Y7b454ybpMR,https://api.spotify.com/v1/audio-analysis/3dPQuX8Gs42Y7b454ybpMR,232107,4
0.59,0.578,10,-5.798,0,0.0528,0.612,0.000162,0.0837,0.264,81.663,audio_features,7aUuoq4oMfLxaLa5GVUDHi,spotify:track:7aUuoq4oMfLxaLa5GVUDHi,https://api.spotify.com/v1/tracks/7aUuoq4oMfLxaLa5GVUDHi,https://api.spotify.com/v1/audio-analysis/7aUuoq4oMfLxaLa5GVUDHi,219560,4
0.39,0.649,2,-5.163,1,0.0345,0.172,0.0,0.216,0.144,121.161,audio_features,5qlJg0Wbj3sslxfwiaRNpq,spotify:track:5qlJg0Wbj3sslxfwiaRNpq,https://api.spotify.com/v1/tracks/5qlJg0Wbj3sslxfwiaRNpq,https://api.spotify.com/v1/audio-analysis/5qlJg0Wbj3sslxfwiaRNpq,299723,4
0.692,0.497,2,-7.316,1,0.119,0.676,0.0,0.259,0.475,81.308,audio_features,4pbJqGIASGPr0ZpGpnWkDn,spotify:track:4pbJqGIASGPr0ZpGpnWkDn,https://api.spotify.com/v1/tracks/4pbJqGIASGPr0ZpGpnWkDn,https://api.spotify.com/v1/audio-analysis/4pbJqGIASGPr0ZpGpnWkDn,122067,4
0.493,0.808,5,-3.365,0,0.0362,0.000235,0.0,0.0983,0.38,117.971,audio_features,6Wx88Mv6b9ofjKMKkdwOJd,spotify:track:6Wx88Mv6b9ofjKMKkdwOJd,https://api.spotify.com/v1/tracks/6Wx88Mv6b9ofjKMKkdwOJd,https://api.spotify.com/v1/audio-analysis/6Wx88Mv6b9ofjKMKkdwOJd,268613,4
0.494,0.667,4,-7.234,1,0.0336,0.363,0.000104,0.0992,0.282,79.993,audio_features,2IQg4g8vZfNr5AlZnkNqb4,spotify:track:2IQg4g8vZfNr5AlZnkNqb4,https://api.spotify.com/v1/tracks/2IQg4g8vZfNr5AlZnkNqb4,https://api.spotify.com/v1/audio-analysis/2IQg4g8vZfNr5AlZnkNqb4,344227,4
0.453,0.987,8,-4.485,1,0.0889,0.0195,0.283,0.268,0.316,123.544,audio_features,0G21yYKMZoHa30cYVi1iA8,spotify:track:0G21yYKMZoHa30cYVi1iA8,https://api.spotify.com/v1/tracks/0G21yYKMZoHa30cYVi1iA8,https://api.spotify.com/v1/audio-analysis/0G21yYKMZoHa30cYVi1iA8,273480,4
0.433,0.959,9,-4.04,1,0.0431,0.000917,0.0,0.028,0.365,172.984,audio_features,7x8dCjCr0x6x2lXKujYD34,spotify:track:7x8dCjCr0x6x2lXKujYD34,https://api.spotify.com/v1/tracks/7x8dCjCr0x6x2lXKujYD34,https://api.spotify.com/v1/audio-analysis/7x8dCjCr0x6x2lXKujYD34,269373,4
0.242,0.741,11,-7.258,1,0.0476,0.00397,0.000108,0.107,0.312,72.27,audio_features,5Jc94d2UCDEKJQ3V2vkzLO,spotify:track:5Jc94d2UCDEKJQ3V2vkzLO,https://api.spotify.com/v1/tracks/5Jc94d2UCDEKJQ3V2vkzLO,https://api.spotify.com/v1/audio-analysis/5Jc94d2UCDEKJQ3V2vkzLO,236200,4
0.555,0.717,2,-5.114,1,0.0269,0.0414,0.0,0.116,0.374,112.03,audio_features,2n6FX3Jcg4b4Leoz0GOqBF,spotify:track:2n6FX3Jcg4b4Leoz0GOqBF,https://api.spotify.com/v1/tracks/2n6FX3Jcg4b4Leoz0GOqBF,https://api.spotify.com/v1/audio-analysis/2n6FX3Jcg4b4Leoz0GOqBF,208507,4
0.638,0.891,9,-6.901,0,0.0422,0.00224,0.11,0.325,0.735,125.115,audio_features,6XcoiOYiNbIxzpt8WRxq8Z,spotify:track:6XcoiOYiNbIxzpt8WRxq8Z,https://api.spotify.com/v1/tracks/6XcoiOYiNbIxzpt8WRxq8Z,https://api.spotify.com/v1/audio-analysis/6XcoiOYiNbIxzpt8WRxq8Z,235601,4
0.536,0.582,8,-6.742,0,0.0386,0.00146,6.45e-06,0.0585,0.57,89.839,audio_features,0qCiSPbPabYabCcGq4uafp,spotify:track:0qCiSPbPabYabCcGq4uafp,https://api.spotify.com/v1/tracks/0qCiSPbPabYabCcGq4uafp,https://api.spotify.com/v1/audio-analysis/0qCiSPbPabYabCcGq4uafp,226991,4
0.533,0.36,1,-12.633,1,0.0282,0.0805,1.03e-05,0.0631,0.299,131.229,audio_features,1Eb90nmqTrxylKFhcUzW8P,spotify:track:1Eb90nmqTrxylKFhcUzW8P,https://api.spotify.com/v1/tracks/1Eb90nmqTrxylKFhcUzW8P,https://api.spotify.com/v1/audio-analysis/1Eb90nmqTrxylKFhcUzW8P,393640,4
0.352,0.911,1,-5.23,1,0.0747,0.00121,0.0,0.0995,0.236,148.033,audio_features,003vvx7Niy0yvhvHt4a68B,spotify:track:003vvx7Niy0yvhvHt4a68B,https://api.spotify.com/v1/tracks/003vvx7Niy0yvhvHt4a68B,https://api.spotify.com/v1/audio-analysis/003vvx7Niy0yvhvHt4a68B,222973,4
0.451,0.828,3,-6.887,1,0.0331,0.00899,0.0,0.114,0.41,157.878,audio_features,555Uug9sqAsB1Lc1aLu32r,spotify:track:555Uug9sqAsB1Lc1aLu32r,https://api.spotify.com/v1/tracks/555Uug9sqAsB1Lc1aLu32r,https://api.spotify.com/v1/audio-analysis/555Uug9sqAsB1Lc1aLu32r,190800,4
0.49,0.835,4,-6.323,0,0.0332,8.38e-05,0.00373,0.0908,0.519,119.92,audio_features,0LnkNEgEXv83bVVvgnB9Et,spotify:track:0LnkNEgEXv83bVVvgnB9Et,https://api.spotify.com/v1/tracks/0LnkNEgEXv83bVVvgnB9Et,https://api.spotify.com/v1/audio-analysis/0LnkNEgEXv83bVVvgnB9Et,219040,4
0.268,0.742,5,-4.939,1,0.0355,0.0518,0.0,0.626,0.416,159.779,audio_features,64yrDBpcdwEdNY9loyEGbX,spotify:track:64yrDBpcdwEdNY9loyEGbX,https://api.spotify.com/v1/tracks/64yrDBpcdwEdNY9loyEGbX,https://api.spotify.com/v1/audio-analysis/64yrDBpcdwEdNY9loyEGbX,321093,4
0.602,0.827,7,-7.374,1,0.0293,0.00241,0.0,0.34,0.358,89.994,audio_features,3uXAQhJLXi7VtJDjKIe9pS,spotify:track:3uXAQhJLXi7VtJDjKIe9pS,https://api.spotify.com/v1/tracks/3uXAQhJLXi7VtJDjKIe9pS,https://api.spotify.com/v1/audio-analysis/3uXAQhJLXi7VtJDjKIe9pS,254132,4
0.449,0.826,2,-3.244,0,0.0316,0.00765,0.0,0.117,0.19,77.079,audio_features,5d8Wq39QLT6OQWsY9paz5n,spotify:track:5d8Wq39QLT6OQWsY9paz5n,https://api.spotify.com/v1/tracks/5d8Wq39QLT6OQWsY9paz5n,https://api.spotify.com/v1/audio-analysis/5d8Wq39QLT6OQWsY9paz5n,254805,4
0.78,0.565,3,-7.32,0,0.0306,0.736,0.00269,0.063,0.365,101.967,audio_features,1NCuYqMc8hKMb4cpNTcJbD,spotify:track:1NCuYqMc8hKMb4cpNTcJbD,https://api.spotify.com/v1/tracks/1NCuYqMc8hKMb4cpNTcJbD,https://api.spotify.com/v1/audio-analysis/1NCuYqMc8hKMb4cpNTcJbD,322133,4
0.497,0.819,5,-6.343,0,0.0395,0.00206,2.02e-06,0.136,0.617,146.118,audio_features,62wwF30E7FQvmd9AiZFvvd,spotify:track:62wwF30E7FQvmd9AiZFvvd,https://api.spotify.com/v1/tracks/62wwF30E7FQvmd9AiZFvvd,https://api.spotify.com/v1/audio-analysis/62wwF30E7FQvmd9AiZFvvd,141370,4
0.542,0.905,9,-5.653,1,0.054,0.00172,0.0104,0.136,0.374,153.398,audio_features,5A1FmxbYVRZKy4nc16MAue,spotify:track:5A1FmxbYVRZKy4nc16MAue,https://api.spotify.com/v1/tracks/5A1FmxbYVRZKy4nc16MAue,https://api.spotify.com/v1/audio-analysis/5A1FmxbYVRZKy4nc16MAue,203347,4
0.395,0.252,0,-13.589,1,0.0301,0.8,0.0,0.101,0.126,177.679,audio_features,4LFwNJWoj74Yd71fIr1W8x,spotify:track:4LFwNJWoj74Yd71fIr1W8x,https://api.spotify.com/v1/tracks/4LFwNJWoj74Yd71fIr1W8x,https://api.spotify.com/v1/audio-analysis/4LFwNJWoj74Yd71fIr1W8x,264333,4
0.464,0.795,1,-9.267,1,0.0926,0.0493,0.00244,0.399,0.612,158.691,audio_features,63T7DJ1AFDD6Bn8VzG6JE8,spotify:track:63T7DJ1AFDD6Bn8VzG6JE8,https://api.spotify.com/v1/tracks/63T7DJ1AFDD6Bn8VzG6JE8,https://api.spotify.com/v1/audio-analysis/63T7DJ1AFDD6Bn8VzG6JE8,202267,4
0.595,0.717,0,-4.803,1,0.0295,0.0779,0.00274,0.108,0.547,88.969,audio_features,1G391cbiT3v3Cywg8T7DM1,spotify:track:1G391cbiT3v3Cywg8T7DM1,https://api.spotify.com/v1/tracks/1G391cbiT3v3Cywg8T7DM1,https://api.spotify.com/v1/audio-analysis/1G391cbiT3v3Cywg8T7DM1,215907,4
0.315,0.715,11,-8.072,0,0.0362,0.00125,7.97e-06,0.0942,0.497,155.925,audio_features,6Qyc6fS4DsZjB2mRW9DsQs,spotify:track:6Qyc6fS4DsZjB2mRW9DsQs,https://api.spotify.com/v1/tracks/6Qyc6fS4DsZjB2mRW9DsQs,https://api.spotify.com/v1/audio-analysis/6Qyc6fS4DsZjB2mRW9DsQs,289533,3
0.7,0.742,5,-6.777,0,0.0716,0.0722,0.0199,0.11,0.197,91.959,audio_features,2oaK4JLVnmRGIO9ytBE1bt,spotify:track:2oaK4JLVnmRGIO9ytBE1bt,https://api.spotify.com/v1/tracks/2oaK4JLVnmRGIO9ytBE1bt,https://api.spotify.com/v1/audio-analysis/2oaK4JLVnmRGIO9ytBE1bt,302000,4
0.28,0.87,10,-4.219,0,0.0592,0.000686,0.00608,0.101,0.284,164.057,audio_features,1ZLtE9tSJdaUiIJ9YoKHQe,spotify:track:1ZLtE9tSJdaUiIJ9YoKHQe,https://api.spotify.com/v1/tracks/1ZLtE9tSJdaUiIJ9YoKHQe,https://api.spotify.com/v1/audio-analysis/1ZLtE9tSJdaUiIJ9YoKHQe,261960,4
0.731,0.867,11,-5.881,1,0.032,0.0395,0.0,0.0861,0.776,104.019,audio_features,3cfOd4CMv2snFaKAnMdnvK,spotify:track:3cfOd4CMv2snFaKAnMdnvK,https://api.spotify.com/v1/tracks/3cfOd4CMv2snFaKAnMdnvK,https://api.spotify.com/v1/audio-analysis/3cfOd4CMv2snFaKAnMdnvK,200373,4
0.593,0.289,4,-11.049,1,0.0259,0.568,0.000829,0.0928,0.733,77.119,audio_features,3evG0BIqEFMMP7lVJh1cSf,spotify:track:3evG0BIqEFMMP7lVJh1cSf,https://api.spotify.com/v1/tracks/3evG0BIqEFMMP7lVJh1cSf,https://api.spotify.com/v1/audio-analysis/3evG0BIqEFMMP7lVJh1cSf,215733,4
0.406,0.698,8,-7.024,1,0.0624,0.186,0.0,0.233,0.333,109.266,audio_features,4rDbp1vnvEhieiccprPMdI,spotify:track:4rDbp1vnvEhieiccprPMdI,https://api.spotify.com/v1/tracks/4rDbp1vnvEhieiccprPMdI,https://api.spotify.com/v1/audio-analysis/4rDbp1vnvEhieiccprPMdI,296480,3
0.393,0.858,4,-2.868,0,0.0729,0.00359,0.0,0.102,0.56,176.042,audio_features,04aAxqtGp5pv12UXAg4pkq,spotify:track:04aAxqtGp5pv12UXAg4pkq,https://api.spotify.com/v1/tracks/04aAxqtGp5pv12UXAg4pkq,https://api.spotify.com/v1/audio-analysis/04aAxqtGp5pv12UXAg4pkq,228360,4
0.439,0.434,7,-14.918,1,0.0265,0.0783,4.87e-05,0.14,0.204,94.845,audio_features,0gEyKnHvgkrkBM6fbeHdwK,spotify:track:0gEyKnHvgkrkBM6fbeHdwK,https://api.spotify.com/v1/tracks/0gEyKnHvgkrkBM6fbeHdwK,https://api.spotify.com/v1/audio-analysis/0gEyKnHvgkrkBM6fbeHdwK,274707,4
0.545,0.865,11,-5.708,0,0.0286,0.00664,1.1e-05,0.168,0.543,99.009,audio_features,6ZOBP3NvffbU4SZcrnt1k6,spotify:track:6ZOBP3NvffbU4SZcrnt1k6,https://api.spotify.com/v1/tracks/6ZOBP3NvffbU4SZcrnt1k6,https://api.spotify.com/v1/audio-analysis/6ZOBP3NvffbU4SZcrnt1k6,233933,4
0.64,0.957,8,-2.336,1,0.0741,0.0431,0.0,0.0789,0.692,134.992,audio_features,2UREu1Y8CO4jXkbvqAtP7g,spotify:track:2UREu1Y8CO4jXkbvqAtP7g,https://api.spotify.com/v1/tracks/2UREu1Y8CO4jXkbvqAtP7g,https://api.spotify.com/v1/audio-analysis/2UREu1Y8CO4jXkbvqAtP7g,178013,4
0.539,0.583,1,-4.935,0,0.0275,0.108,0.0,0.111,0.337,86.063,audio_features,5JvsxPAHsGxwNq4xto2HtM,spotify:track:5JvsxPAHsGxwNq4xto2HtM,https://api.spotify.com/v1/tracks/5JvsxPAHsGxwNq4xto2HtM,https://api.spotify.com/v1/audio-analysis/5JvsxPAHsGxwNq4xto2HtM,328093,4
0.554,0.978,4,-3.554,1,0.131,0.111,0.0,0.0731,0.594,135.095,audio_features,7AB0cUXnzuSlAnyHOqmrZr,spotify:track:7AB0cUXnzuSlAnyHOqmrZr,https://api.spotify.com/v1/tracks/7AB0cUXnzuSlAnyHOqmrZr,https://api.spotify.com/v1/audio-analysis/7AB0cUXnzuSlAnyHOqmrZr,162600,4
0.643,0.802,6,-4.92,1,0.0227,0.0299,0.0,0.0719,0.53,95.99,audio_features,3X7uFMzJrEE0sxn62qd8Ch,spotify:track:3X7uFMzJrEE0sxn62qd8Ch,https://api.spotify.com/v1/tracks/3X7uFMzJrEE0sxn62qd8Ch,https://api.spotify.com/v1/audio-analysis/3X7uFMzJrEE0sxn62qd8Ch,270333,4
0.344,0.828,4,-6.222,0,0.0646,0.0626,0.00211,0.216,0.352,78.025,audio_features,4Liccr2Kex5LKuj2vHrOnh,spotify:track:4Liccr2Kex5LKuj2vHrOnh,https://api.spotify.com/v1/tracks/4Liccr2Kex5LKuj2vHrOnh,https://api.spotify.com/v1/audio-analysis/4Liccr2Kex5LKuj2vHrOnh,170080,4
0.274,0.652,5,-6.196,0,0.0625,0.00768,6.42e-05,0.108,0.1,173.008,audio_features,3Xfg7AegXaDLoD5GOUMf2e,spotify:track:3Xfg7AegXaDLoD5GOUMf2e,https://api.spotify.com/v1/tracks/3Xfg7AegXaDLoD5GOUMf2e,https://api.spotify.com/v1/audio-analysis/3Xfg7AegXaDLoD5GOUMf2e,288036,4
0.603,0.834,5,-5.766,0,0.0417,0.0411,0.00609,0.105,0.376,89.957,audio_features,4bJygwUKrRgq1stlNXcgMg,spotify:track:4bJygwUKrRgq1stlNXcgMg,https://api.spotify.com/v1/tracks/4bJygwUKrRgq1stlNXcgMg,https://api.spotify.com/v1/audio-analysis/4bJygwUKrRgq1stlNXcgMg,214440,4
0.664,0.781,11,-6.547,1,0.0339,0.00103,5.33e-06,0.0867,0.593,110.0,audio_features,1oTo3ijRbaDAtrjJrGAPSw,spotify:track:1oTo3ijRbaDAtrjJrGAPSw,https://api.spotify.com/v1/tracks/1oTo3ijRbaDAtrjJrGAPSw,https://api.spotify.com/v1/audio-analysis/1oTo3ijRbaDAtrjJrGAPSw,227240,4
0.585,0.972,9,-4.45,0,0.0534,0.0143,0.0,0.0707,0.585,110.006,audio_features,7oVEtyuv9NBmnytsCIsY5I,spotify:track:7oVEtyuv9NBmnytsCIsY5I,https://api.spotify.com/v1/tracks/7oVEtyuv9NBmnytsCIsY5I,https://api.spotify.com/v1/audio-analysis/7oVEtyuv9NBmnytsCIsY5I,230253,4
0.579,0.508,2,-9.484,1,0.027,0.00574,0.000494,0.0575,0.609,147.125,audio_features,40riOy7x9W7GXjyGp4pjAv,spotify:track:40riOy7x9W7GXjyGp4pjAv,https://api.spotify.com/v1/tracks/40riOy7x9W7GXjyGp4pjAv,https://api.spotify.com/v1/audio-analysis/40riOy7x9W7GXjyGp4pjAv,391376,4
0.38,0.554,10,-9.093,1,0.0253,0.0173,0.0,0.0996,0.574,147.363,audio_features,1RP85mAmvJ8baqjP53kFJu,spotify:track:1RP85mAmvJ8baqjP53kFJu,https://api.spotify.com/v1/tracks/1RP85mAmvJ8baqjP53kFJu,https://api.spotify.com/v1/audio-analysis/1RP85mAmvJ8baqjP53kFJu,431453,4
0.382,0.589,9,-7.315,0,0.0267,0.0465,0.0,0.122,0.335,140.059,audio_features,7Ewz6bJ97vUqk5HdkvguFQ,spotify:track:7Ewz6bJ97vUqk5HdkvguFQ,https://api.spotify.com/v1/tracks/7Ewz6bJ97vUqk5HdkvguFQ,https://api.spotify.com/v1/audio-analysis/7Ewz6bJ97vUqk5HdkvguFQ,243360,4
